population,reagent,Condition,median,variance,uniquePopulationName,parentPopulation,channel,Species,statistic,uniquePopulationName_right,parentPopulation_right,channel_right,Species_right,statistic_right,std
CD11b-/CD16-,pSTAT5,GM-CSF,55.942737102508545,289.0940157693636,CD11b-/CD16-,HLA-DR+/CD7-,Sm149Di,Human,median,CD11b-/CD16-,HLA-DR+/CD7-,Sm149Di,Human,median,31.194871895800166
CD16+/CD11b+,pSTAT1,IFNg,35.15827941894531,369.3510964723371,CD16+/CD11b+,HLA-DR+/CD7-,Sm147Di,Human,median,CD16+/CD11b+,HLA-DR+/CD7-,Sm147Di,Human,median,50.6357511608001
CD11b-/CD16-,pErk1/2,PMAIono,20.150405883789062,291.9890088753193,CD11b-/CD16-,HLA-DR+/CD7-,Sm152Di,Human,median,CD11b-/CD16-,HLA-DR+/CD7-,Sm152Di,Human,median,49.12932335296798
pDCs,pSTAT6,IL-4,60.57208728790283,319.6687885509023,pDCs,HLA-DR+ CD11c-,Ho165Di,Human,median,pDCs,HLA-DR+ CD11c-,Ho165Di,Human,median,31.188184182523067
B Cells,pErk1/2,PMAIono,20.89662456512451,196.9132873102505,B Cells,CD45+ CD66-,Sm152Di,Human,median,B Cells,CD45+ CD66-,Sm152Di,Human,median,28.7331344815742
CD16+/CD11b+,pErk1/2,PMAIono,22.998779296875,264.5906124314904,CD16+/CD11b+,HLA-DR+/CD7-,Sm152Di,Human,median,CD16+/CD11b+,HLA-DR+/CD7-,Sm152Di,Human,median,55.98781444241643
CD11b+/CD16-,pP38,R848,27.061161994934082,139.16998910463883,CD11b+/CD16-,HLA-DR+/CD7-,Sm154Di,Human,median,CD11b+/CD16-,HLA-DR+/CD7-,Sm154Di,Human,median,24.494869105746197
CD4+T cells,pSTAT5,IFNb,26.57152557373047,51.48794706300863,CD4+T cells,T Cells,Sm149Di,Human,median,CD4+T cells,T Cells,Sm149Di,Human,median,16.39698379878932
CD16+/CD11b+,pErk1/2,LPS,27.6092529296875,276.15051132919893,CD16+/CD11b+,HLA-DR+/CD7-,Sm152Di,Human,median,CD16+/CD11b+,HLA-DR+/CD7-,Sm152Di,Human,median,55.94392677797988
CD11b+/CD16-,pSTAT6,IL-4,80.68621075153351,550.8648191620044,CD11b+/CD16-,HLA-DR+/CD7-,Ho165Di,Human,median,CD11b+/CD16-,HLA-DR+/CD7-,Ho165Di,Human,median,41.19674819100885
CD16+/CD11b-,pSTAT1,IFNb,30.211387634277344,147.0350008112689,CD16+/CD11b-,HLA-DR+/CD7-,Sm147Di,Human,median,CD16+/CD11b-,HLA-DR+/CD7-,Sm147Di,Human,median,41.39487877019247
CD11b+/CD16-,pErk1/2,GM-CSF,47.022117614746094,214.2557484634235,CD11b+/CD16-,HLA-DR+/CD7-,Sm152Di,Human,median,CD11b+/CD16-,HLA-DR+/CD7-,Sm152Di,Human,median,48.141736362737895
CD16+/CD11b-,pTBK1,R848,266.25992727279663,12918.906846928528,CD16+/CD11b-,HLA-DR+/CD7-,Dy161Di,Human,median,CD16+/CD11b-,HLA-DR+/CD7-,Dy161Di,Human,median,165.0632993414194
CD16+/CD11b+,pTBK1,LPS,212.8846673965454,30637.762295136414,CD16+/CD11b+,HLA-DR+/CD7-,Dy161Di,Human,median,CD16+/CD11b+,HLA-DR+/CD7-,Dy161Di,Human,median,211.39082780863959
CD11b+/CD16-,pErk1/2,Anthrax,26.77417755126953,364.64221141965214,CD11b+/CD16-,HLA-DR+/CD7-,Sm152Di,Human,median,CD11b+/CD16-,HLA-DR+/CD7-,Sm152Di,Human,median,50.358495645556886
pDCs,pSTAT1,IFNb,21.548734664916992,160.70574597279884,pDCs,HLA-DR+ CD11c-,Sm147Di,Human,median,pDCs,HLA-DR+ CD11c-,Sm147Di,Human,median,26.20741998039453
CD16+/CD11b+,pTBK1,R848,304.6954607963562,23469.437543239157,CD16+/CD11b+,HLA-DR+/CD7-,Dy161Di,Human,median,CD16+/CD11b+,HLA-DR+/CD7-,Dy161Di,Human,median,208.75552973077765
CD16+/CD11b-,pErk1/2,GM-CSF,55.01348638534546,238.40666157270104,CD16+/CD11b-,HLA-DR+/CD7-,Sm152Di,Human,median,CD16+/CD11b-,HLA-DR+/CD7-,Sm152Di,Human,median,44.61580211972377
CD16+/CD11b-,pTBK1,TNFa,23.153587341308594,247.6557288580719,CD16+/CD11b-,HLA-DR+/CD7-,Dy161Di,Human,median,CD16+/CD11b-,HLA-DR+/CD7-,Dy161Di,Human,median,23.096326597135405
pDCs,pSTAT5,GM-CSF,49.06290626525879,221.3679297675511,pDCs,HLA-DR+ CD11c-,Sm149Di,Human,median,pDCs,HLA-DR+ CD11c-,Sm149Di,Human,median,30.469274544196967
CD16+/CD11b+,pSTAT5,IFNb,21.382498264312744,93.41588127202913,CD16+/CD11b+,HLA-DR+/CD7-,Sm149Di,Human,median,CD16+/CD11b+,HLA-DR+/CD7-,Sm149Di,Human,median,24.515009083556603
CD11b-/CD16-,pSTAT1,IFNa2,22.22397232055664,163.02501651471187,CD11b-/CD16-,HLA-DR+/CD7-,Sm147Di,Human,median,CD11b-/CD16-,HLA-DR+/CD7-,Sm147Di,Human,median,26.5957063887695
CD11b+/CD16-,pSTAT5,GM-CSF,68.5690860748291,250.68734310697545,CD11b+/CD16-,HLA-DR+/CD7-,Sm149Di,Human,median,CD11b+/CD16-,HLA-DR+/CD7-,Sm149Di,Human,median,31.89835347406111
CD4+/CD8+,pSTAT3,IL-12,22.356679916381836,3538.089032169594,CD4+/CD8+,T Cells,La139Di,Human,median,CD4+/CD8+,T Cells,La139Di,Human,median,109.04923995192861
pDCs,pP38,R848,20.310096740722656,220.74973799721263,pDCs,HLA-DR+ CD11c-,Sm154Di,Human,median,pDCs,HLA-DR+ CD11c-,Sm154Di,Human,median,30.968879522812248
CD7+/HLA-DR-,pSTAT6,IL-4,22.136409521102905,42.444731631919744,CD7+/HLA-DR-,CD19- CD3-,Ho165Di,Human,median,CD7+/HLA-DR-,CD19- CD3-,Ho165Di,Human,median,12.141097571356788
CD8+T cells,pSTAT6,IL-4,25.68559694290161,61.07869960342996,CD8+T cells,T Cells,Ho165Di,Human,median,CD8+T cells,T Cells,Ho165Di,Human,median,13.771572642287985
CD4+T cells,pSTAT5,IL-2,35.830313205718994,107.24700047561856,CD4+T cells,T Cells,Sm149Di,Human,median,CD4+T cells,T Cells,Sm149Di,Human,median,22.641468605578446
CD16+/CD11b-,pErk1/2,R848,29.845396041870117,183.1135031110697,CD16+/CD11b-,HLA-DR+/CD7-,Sm152Di,Human,median,CD16+/CD11b-,HLA-DR+/CD7-,Sm152Di,Human,median,40.555622738976474
pDCs,pCREB,PMAIono,20.793648719787598,352.7593196597767,pDCs,HLA-DR+ CD11c-,Nd145Di,Human,median,pDCs,HLA-DR+ CD11c-,Nd145Di,Human,median,36.604784632892816
CD11b-/CD16-,pSTAT1,IFNb,26.944024562835693,171.48846198678456,CD11b-/CD16-,HLA-DR+/CD7-,Sm147Di,Human,median,CD11b-/CD16-,HLA-DR+/CD7-,Sm147Di,Human,median,28.500677671766333
CD11b+/CD16-,pSTAT1,IFNb,33.2235107421875,204.34505627262575,CD11b+/CD16-,HLA-DR+/CD7-,Sm147Di,Human,median,CD11b+/CD16-,HLA-DR+/CD7-,Sm147Di,Human,median,43.38108613015962
CD16+/CD11b-,pSTAT1,IFNg,26.308279991149902,198.82708408900058,CD16+/CD11b-,HLA-DR+/CD7-,Sm147Di,Human,median,CD16+/CD11b-,HLA-DR+/CD7-,Sm147Di,Human,median,39.61679915865423
CD16+/CD11b+,pSTAT5,GM-CSF,75.64260482788086,245.4448664233863,CD16+/CD11b+,HLA-DR+/CD7-,Sm149Di,Human,median,CD16+/CD11b+,HLA-DR+/CD7-,Sm149Di,Human,median,38.91434101400051
CD11b+/CD16-,pTBK1,TNFa,25.133405923843384,331.8438408395625,CD11b+/CD16-,HLA-DR+/CD7-,Dy161Di,Human,median,CD11b+/CD16-,HLA-DR+/CD7-,Dy161Di,Human,median,26.608973251390008
CD11b-/CD16-,pSTAT5,IFNb,27.73587989807129,128.88297306864,CD11b-/CD16-,HLA-DR+/CD7-,Sm149Di,Human,median,CD11b-/CD16-,HLA-DR+/CD7-,Sm149Di,Human,median,22.98629634499688
CD4+/CD8+,pSTAT6,IL-4,31.77572250366211,77.69923342365728,CD4+/CD8+,T Cells,Ho165Di,Human,median,CD4+/CD8+,T Cells,Ho165Di,Human,median,16.705212095033055
CD16+/CD11b-,pErk1/2,PMAIono,28.856422424316406,248.6736692528331,CD16+/CD11b-,HLA-DR+/CD7-,Sm152Di,Human,median,CD16+/CD11b-,HLA-DR+/CD7-,Sm152Di,Human,median,42.6673955341346
pDCs,pSTAT5,IFNb,20.67117691040039,75.20834314526928,pDCs,HLA-DR+ CD11c-,Sm149Di,Human,median,pDCs,HLA-DR+ CD11c-,Sm149Di,Human,median,20.07019145563241
Neutrophils,pErk1/2,GM-CSF,26.82929229736328,277.92009632220066,Neutrophils,Non-Basophils,Sm152Di,Human,median,Neutrophils,Non-Basophils,Sm152Di,Human,median,46.91383866244726
CD16+/CD11b+,pErk1/2,GM-CSF,52.00631332397461,364.29738668396294,CD16+/CD11b+,HLA-DR+/CD7-,Sm152Di,Human,median,CD16+/CD11b+,HLA-DR+/CD7-,Sm152Di,Human,median,56.21907573115358
CD16+/CD11b+,pSTAT1,IFNa2,33.398895263671875,237.2247165574856,CD16+/CD11b+,HLA-DR+/CD7-,Sm147Di,Human,median,CD16+/CD11b+,HLA-DR+/CD7-,Sm147Di,Human,median,48.551113714577816
CD4+/CD8+,pSTAT5,IFNb,24.783254623413086,79.9635739189763,CD4+/CD8+,T Cells,Sm149Di,Human,median,CD4+/CD8+,T Cells,Sm149Di,Human,median,20.907012598677465
B Cells,pSTAT6,IL-4,46.76102161407471,124.81889244312404,B Cells,CD45+ CD66-,Ho165Di,Human,median,B Cells,CD45+ CD66-,Ho165Di,Human,median,22.095882370745613
CD16+/CD11b+,pErk1/2,Anthrax,30.221357345581055,514.1384428016314,CD16+/CD11b+,HLA-DR+/CD7-,Sm152Di,Human,median,CD16+/CD11b+,HLA-DR+/CD7-,Sm152Di,Human,median,56.138794133218525
CD4+/CD8+,pSTAT5,IL-2,44.77203321456909,94.34226272686679,CD4+/CD8+,T Cells,Sm149Di,Human,median,CD4+/CD8+,T Cells,Sm149Di,Human,median,25.10329970151041
CD16+/CD11b-,pTBK1,LPS,149.08479356765747,16317.818716952592,CD16+/CD11b-,HLA-DR+/CD7-,Dy161Di,Human,median,CD16+/CD11b-,HLA-DR+/CD7-,Dy161Di,Human,median,160.50700394631338
CD16+/CD11b+,pSTAT6,IL-4,75.75405192375183,485.93609091174204,CD16+/CD11b+,HLA-DR+/CD7-,Ho165Di,Human,median,CD16+/CD11b+,HLA-DR+/CD7-,Ho165Di,Human,median,40.491638108786795
CD7+/HLA-DR-,pSTAT5,IL-2,30.303935050964355,53.107121330389255,CD7+/HLA-DR-,CD19- CD3-,Sm149Di,Human,median,CD7+/HLA-DR-,CD19- CD3-,Sm149Di,Human,median,15.850862363172888
CD16+/CD11b-,pSTAT6,IL-4,53.807483077049255,323.8270642397945,CD16+/CD11b-,HLA-DR+/CD7-,Ho165Di,Human,median,CD16+/CD11b-,HLA-DR+/CD7-,Ho165Di,Human,median,31.301835519835436
CD11b+/CD16-,pSTAT5,IFNb,29.89177894592285,102.80484269308661,CD11b+/CD16-,HLA-DR+/CD7-,Sm149Di,Human,median,CD11b+/CD16-,HLA-DR+/CD7-,Sm149Di,Human,median,23.70939603374167
Basophils,pSTAT5,GM-CSF,61.11713123321533,191.0058499368926,Basophils,Singlets,Sm149Di,Human,median,Basophils,Singlets,Sm149Di,Human,median,30.594381664138012
CD11b+/CD16-,pTBK1,R848,145.16857957839966,5077.859826537643,CD11b+/CD16-,HLA-DR+/CD7-,Dy161Di,Human,median,CD11b+/CD16-,HLA-DR+/CD7-,Dy161Di,Human,median,102.35166605030282
CD8+T cells,pSTAT5,IL-2,44.857078552246094,76.00018244919676,CD8+T cells,T Cells,Sm149Di,Human,median,CD8+T cells,T Cells,Sm149Di,Human,median,20.982426204924227
Basophils,pErk1/2,GM-CSF,29.05131435394287,73.89474178145338,Basophils,Singlets,Sm152Di,Human,median,Basophils,Singlets,Sm152Di,Human,median,26.04687953774683
CD11b+/CD16-,pSTAT1,IFNa2,25.043782234191895,142.96996476695614,CD11b+/CD16-,HLA-DR+/CD7-,Sm147Di,Human,median,CD11b+/CD16-,HLA-DR+/CD7-,Sm147Di,Human,median,38.775729360658254
Neutrophils,pSTAT5,GM-CSF,48.80085062980652,149.60808774048283,Neutrophils,Non-Basophils,Sm149Di,Human,median,Neutrophils,Non-Basophils,Sm149Di,Human,median,22.997603553196388
pDCs,pSTAT1,IFNa2,20.37678623199463,133.64223742182546,pDCs,HLA-DR+ CD11c-,Sm147Di,Human,median,pDCs,HLA-DR+ CD11c-,Sm147Di,Human,median,24.53316934582908
CD4+T cells,pSTAT6,IL-4,36.42390275001526,82.64675538022638,CD4+T cells,T Cells,Ho165Di,Human,median,CD4+T cells,T Cells,Ho165Di,Human,median,16.678436260963075
pDCs,pErk1/2,GM-CSF,24.01466941833496,227.37496571136117,pDCs,HLA-DR+ CD11c-,Sm152Di,Human,median,pDCs,HLA-DR+ CD11c-,Sm152Di,Human,median,37.36556761692988
CD11b+/CD16-,pSTAT1,IFNg,24.027488708496094,174.55218732156493,CD11b+/CD16-,HLA-DR+/CD7-,Sm147Di,Human,median,CD11b+/CD16-,HLA-DR+/CD7-,Sm147Di,Human,median,38.87552090513067
CD11b-/CD16-,pSTAT6,IL-4,73.27581596374512,735.7535350935706,CD11b-/CD16-,HLA-DR+/CD7-,Ho165Di,Human,median,CD11b-/CD16-,HLA-DR+/CD7-,Ho165Di,Human,median,42.2649319896369
CD4+/CD8+,pSTAT3,IL-2,20.65799331665039,2499.6662819404573,CD4+/CD8+,T Cells,La139Di,Human,median,CD4+/CD8+,T Cells,La139Di,Human,median,101.8522509066463
CD16+/CD11b+,pErk1/2,R848,31.539716720581055,230.83449216855917,CD16+/CD11b+,HLA-DR+/CD7-,Sm152Di,Human,median,CD16+/CD11b+,HLA-DR+/CD7-,Sm152Di,Human,median,53.765921916281215
CD4+/CD8+,pSTAT1,IFNb,22.066237926483154,139.41663155190065,CD4+/CD8+,T Cells,Sm147Di,Human,median,CD4+/CD8+,T Cells,Sm147Di,Human,median,26.932347672544456
CD16+/CD11b-,pErk1/2,LPS,20.127033233642578,120.99007572871682,CD16+/CD11b-,HLA-DR+/CD7-,Sm152Di,Human,median,CD16+/CD11b-,HLA-DR+/CD7-,Sm152Di,Human,median,39.21115216640679
CD16+/CD11b-,pErk1/2,Anthrax,23.417224884033203,352.3520555418472,CD16+/CD11b-,HLA-DR+/CD7-,Sm152Di,Human,median,CD16+/CD11b-,HLA-DR+/CD7-,Sm152Di,Human,median,43.44992720902361
CD1c+ B cells,pSTAT6,IL-4,56.02375912666321,746.4823145075461,CD1c+ B cells,B Cells,Ho165Di,Human,median,CD1c+ B cells,B Cells,Ho165Di,Human,median,40.848834638887396
CD11b-/CD16-,pErk1/2,GM-CSF,40.91987419128418,409.9840047787839,CD11b-/CD16-,HLA-DR+/CD7-,Sm152Di,Human,median,CD11b-/CD16-,HLA-DR+/CD7-,Sm152Di,Human,median,44.901091936512614
CD16+/CD11b-,pP38,R848,21.66794729232788,133.65921111424007,CD16+/CD11b-,HLA-DR+/CD7-,Sm154Di,Human,median,CD16+/CD11b-,HLA-DR+/CD7-,Sm154Di,Human,median,24.15341906843228
CD16+/CD11b-,pSTAT1,IFNa2,25.329294204711914,143.80546491540977,CD16+/CD11b-,HLA-DR+/CD7-,Sm147Di,Human,median,CD16+/CD11b-,HLA-DR+/CD7-,Sm147Di,Human,median,39.89199953582332
CD16+/CD11b-,pSTAT5,GM-CSF,65.93984985351562,200.34116836588888,CD16+/CD11b-,HLA-DR+/CD7-,Sm149Di,Human,median,CD16+/CD11b-,HLA-DR+/CD7-,Sm149Di,Human,median,31.611212145259977
CD4+T cells,pSTAT1,IFNb,22.544413566589355,106.90409723874184,CD4+T cells,T Cells,Sm147Di,Human,median,CD4+T cells,T Cells,Sm147Di,Human,median,22.131101017519658
CD16+/CD11b+,pSTAT1,IFNb,41.4626350402832,308.9614939969482,CD16+/CD11b+,HLA-DR+/CD7-,Sm147Di,Human,median,CD16+/CD11b+,HLA-DR+/CD7-,Sm147Di,Human,median,51.450759314990584
CD11b+/CD16-,pTBK1,LPS,97.8209080696106,9140.981844535336,CD11b+/CD16-,HLA-DR+/CD7-,Dy161Di,Human,median,CD11b+/CD16-,HLA-DR+/CD7-,Dy161Di,Human,median,114.78884061136326
